claim_id,policy_id,claim_date,claim_type,claim_amount,status
CLM00001,POL00030,2024-02-25,Bris de glace,8875.58,Clos
CLM00002,POL00117,2023-09-28,Dégât des eaux,8303.85,Clos
CLM00003,POL00079,14/02/2023,Vol,14723.69,En cours d'expertise
CLM00004,POL00109,2024-12-06,Sinistre matériel,9809.77,Ouvert
CLM00005,POL00121,06/03/2023,Dégât des eaux,3362.67,En cours d'expertise
CLM00006,POL00166,10/05/2025,Dégât des eaux,8156.39,Clos
CLM00007,POL00175,2026-01-09,Vol,2267.6,Clos
CLM00008,POL00187,2024-04-01,Sinistre matériel,17616.06,En cours d'expertise
CLM00009,POL00137,2025-02-15,Sinistre corporel,8372.16,Ouvert
CLM00010,POL00186,2023-08-20,Dégât des eaux,11126.38,Ouvert
CLM00011,POL00018,2023-07-26,Sinistre matériel,8118.97,Ouvert
CLM00012,POL00012,03/04/2025,Sinistre corporel,9784.71,Ouvert
CLM00013,POL00075,2024-04-24,Bris de glace,5842.43,En cours d'expertise
CLM00014,POL00061,2024-09-10,Bris de glace,4095.61,Ouvert
CLM00015,POL00152,2023-12-25,Dégât des eaux,10071.93,Clos
CLM00016,POL00172,2025-02-19,Vol,12579.11,Clos
CLM00017,POL00194,06/01/2026,Sinistre corporel,15310.74,En cours d'expertise
CLM00018,POL00119,2023-04-29,Dégât des eaux,17424.98,Ouvert
CLM00019,POL00066,21/02/2024,Sinistre matériel,16611.74,Ouvert
CLM00020,POL00213,2024-01-26,Vol,6882.45,Ouvert
CLM00021,POL00049,2026-04-18,Bris de glace,4023.74,Clos
CLM00022,POL00004,2024-03-09,Sinistre matériel,13481.79,Ouvert
CLM00023,POL00181,23/02/2024,Sinistre corporel,10004.62,Clos
CLM00024,POL00167,05/01/2025,Vol,6569.66,Clos
CLM00025,POL00185,19/08/2025,Sinistre corporel,6767.08,En cours d'expertise
CLM00026,POL00190,2023-10-26,Vol,10026.61,En cours d'expertise
CLM00027,POL00040,06/02/2024,Sinistre corporel,6930.14,Clos
CLM00028,POL00176,22/11/2024,Dégât des eaux,17402.17,Clos
CLM00029,POL00188,2024-12-22,Sinistre corporel,13007.6,En cours d'expertise
CLM00030,POL00016,2025-12-09,Sinistre matériel,17021.61,Ouvert
CLM00031,POL00216,2026-07-15,Sinistre matériel,115401.3,Clos
CLM00032,POL00164,16/06/2026,Dégât des eaux,430.81,Clos
CLM00033,POL09542,2024-07-16,Vol,456.0,En cours d'expertise
CLM00034,POL00046,2023-08-08,Bris de glace,2807.82,En cours d'expertise
CLM00035,POL00091,01/07/2024,Sinistre matériel,6808.97,En cours d'expertise
CLM00036,POL00179,07/04/2024,Sinistre matériel,11819.18,Ouvert
CLM00037,POL00098,2025-02-11,Dégât des eaux,91996.85,Clos
CLM00038,POL00166,2024-11-09,Sinistre matériel,16122.02,Ouvert
CLM00039,POL00178,06/03/2026,Vol,981.13,Clos
CLM00040,POL00145,2023-03-09,Vol,429.5,Ouvert
CLM00041,POL00183,2025-03-26,Vol,3049.74,Clos
CLM00042,POL00139,10/11/2024,Sinistre corporel,14260.39,Ouvert
CLM00043,POL00089,2023-04-20,Dégât des eaux,4293.77,En cours d'expertise
CLM00044,POL00153,23/03/2025,Sinistre matériel,11469.09,Clos
CLM00045,POL00092,06/02/2026,Dégât des eaux,3465.42,Clos
CLM00046,POL00159,2024-08-27,Sinistre matériel,1614.38,En cours d'expertise
CLM00047,POL00040,08/03/2025,Vol,101578.72,Clos
CLM00048,POL00027,2023-09-29,Sinistre corporel,7842.98,En cours d'expertise
CLM00049,POL00007,03/07/2023,Bris de glace,1811.2,Clos
CLM00050,POL00004,20/08/2024,Dégât des eaux,14058.17,En cours d'expertise
CLM00051,POL00063,2026-03-17,Sinistre corporel,12382.89,Clos
CLM00052,POL00127,2023-10-26,Sinistre corporel,7908.97,Clos
CLM00053,POL00093,2024-05-30,Dégât des eaux,10749.44,Ouvert
CLM00054,POL00002,21/03/2025,Bris de glace,6931.04,Clos
CLM00055,POL00209,2026-05-02,Vol,5873.87,Ouvert
CLM00056,POL00046,26/03/2025,Vol,13267.51,En cours d'expertise
CLM00057,POL00084,09/02/2025,Dégât des eaux,6665.53,Ouvert
CLM00058,POL00140,2024-01-04,Bris de glace,630.45,En cours d'expertise
CLM00059,POL00205,2024-08-19,Sinistre matériel,14768.54,Clos
CLM00060,POL00036,21/07/2026,Sinistre corporel,4660.37,Clos
CLM00061,POL00019,2025-07-08,Dégât des eaux,10543.06,En cours d'expertise
CLM00062,POL00010,2025-01-06,Bris de glace,10749.69,Ouvert
CLM00063,POL00169,2024-12-28,Bris de glace,940.7,En cours d'expertise
CLM00064,POL00193,10/11/2024,Sinistre matériel,338.28,En cours d'expertise
CLM00065,POL00143,2026-04-03,Bris de glace,4095.42,Clos
CLM00066,POL00151,2025-10-21,Vol,17958.99,Clos
CLM00067,POL00022,2023-08-26,Sinistre corporel,6367.67,Ouvert
CLM00068,POL00090,2025-09-02,Dégât des eaux,13037.59,Ouvert
CLM00069,POL00208,2023-08-24,Vol,11716.26,Ouvert
CLM00070,POL00190,2024-05-14,Sinistre corporel,10001.6,Clos
CLM00071,POL00060,2025-04-09,Sinistre corporel,3477.01,Clos
CLM00072,POL09628,09/02/2024,Bris de glace,95035.73,Clos
CLM00073,POL00208,2023-05-09,Sinistre matériel,14421.12,Clos
CLM00074,POL00118,22/08/2023,Dégât des eaux,9569.71,En cours d'expertise
CLM00075,POL00101,2026-04-17,Vol,6432.93,Ouvert
CLM00076,POL00181,2024-09-01,Bris de glace,1662.82,Ouvert
CLM00077,POL00030,10/01/2024,Sinistre corporel,9268.22,Ouvert
CLM00078,POL00109,16/01/2024,Bris de glace,12527.78,Ouvert
CLM00079,POL00126,2024-08-14,Sinistre corporel,5765.25,Ouvert
CLM00080,POL00003,2025-09-19,Sinistre corporel,14701.6,En cours d'expertise
CLM00081,POL00105,04/10/2025,Dégât des eaux,8873.29,Ouvert
CLM00082,POL00057,2024-08-21,Vol,4163.45,Clos
CLM00083,POL00198,2025-10-11,Bris de glace,2170.82,En cours d'expertise
CLM00084,POL00094,2026-01-15,Dégât des eaux,9902.41,Ouvert
CLM00085,POL00168,21/05/2024,Sinistre matériel,8177.72,Ouvert
CLM00086,POL00031,2024-04-30,Bris de glace,12451.03,En cours d'expertise
CLM00087,POL00043,2026-06-15,Sinistre corporel,14671.51,En cours d'expertise
CLM00088,POL00072,2026-05-07,Sinistre corporel,5927.22,Clos
CLM00089,POL00220,2025-11-19,Sinistre matériel,2570.26,Clos
CLM00090,POL00071,2023-09-17,Sinistre corporel,4606.74,Ouvert
CLM00091,POL00174,15/03/2025,Sinistre corporel,10457.05,Clos
CLM00092,POL00020,2026-07-21,Dégât des eaux,9353.7,Clos
CLM00093,POL00125,2024-11-01,Sinistre matériel,15660.0,Ouvert
CLM00094,POL00118,2026-07-24,Vol,15324.4,Clos
CLM00095,POL00110,09/03/2024,Vol,5913.14,En cours d'expertise
CLM00096,POL00145,20/09/2025,Sinistre matériel,970.08,Clos
CLM00097,POL09951,20/11/2023,Dégât des eaux,162.07,Ouvert
CLM00098,POL00034,2024-09-10,Vol,1816.12,Ouvert
CLM00099,POL00167,2023-12-05,Dégât des eaux,11317.04,Ouvert
CLM00100,POL00024,2023-07-14,Sinistre corporel,8661.0,Ouvert
CLM00101,POL00114,2023-01-20,Vol,14735.4,Clos
CLM00102,POL00123,2023-05-26,Dégât des eaux,1744.56,Ouvert
CLM00103,POL00077,08/10/2023,Sinistre corporel,11602.13,Ouvert
CLM00104,POL00003,2026-06-03,Sinistre corporel,8005.77,En cours d'expertise
CLM00105,POL00106,2026-06-15,Dégât des eaux,15500.33,Ouvert
CLM00106,POL00032,2026-04-22,Dégât des eaux,6424.91,Ouvert
CLM00107,POL00166,2023-06-22,Bris de glace,10877.83,Clos
CLM00108,POL00177,2023-02-24,Vol,3817.21,Ouvert
CLM00109,POL00076,2023-04-22,Dégât des eaux,7038.06,En cours d'expertise
CLM00110,POL00136,25/01/2023,Vol,2505.89,En cours d'expertise
CLM00111,POL00140,20/12/2023,Sinistre matériel,447.91,Clos
CLM00112,POL00016,2025-03-26,Vol,11369.99,Clos
CLM00113,POL00103,2023-06-18,Bris de glace,9747.15,Ouvert
CLM00114,POL00131,2024-02-21,Bris de glace,5982.49,En cours d'expertise
CLM00115,POL00017,2024-09-27,Dégât des eaux,13179.76,Ouvert
CLM00116,POL00112,26/08/2023,Bris de glace,11017.66,En cours d'expertise
CLM00117,POL00045,2023-09-02,Sinistre corporel,12671.77,Clos
CLM00118,POL00201,2024-06-14,Vol,2415.71,Clos
CLM00119,POL00031,02/03/2023,Dégât des eaux,5004.85,En cours d'expertise
CLM00120,POL00161,07/06/2023,Dégât des eaux,9267.46,En cours d'expertise
CLM00121,POL00041,2024-06-06,Bris de glace,12183.05,En cours d'expertise
CLM00122,POL00012,2023-01-26,Sinistre matériel,8571.0,Ouvert
CLM00123,POL00220,2023-03-14,Dégât des eaux,4157.6,En cours d'expertise
CLM00124,POL00212,2023-06-09,Vol,2281.31,Ouvert
CLM00125,POL00206,2025-11-22,Dégât des eaux,1380.34,Clos
CLM00126,POL00080,2024-11-01,Bris de glace,8302.92,Clos
CLM00127,POL00078,2026-06-29,Dégât des eaux,6723.68,Ouvert
CLM00128,POL00140,2024-05-17,Sinistre matériel,16793.3,En cours d'expertise
CLM00129,POL00215,20/01/2023,Sinistre matériel,13696.89,En cours d'expertise
CLM00130,POL00027,2024-02-25,Sinistre corporel,7643.71,Ouvert
CLM00131,POL00024,2023-03-31,Bris de glace,7523.06,Clos
CLM00132,POL00022,2026-04-04,Bris de glace,2533.22,Ouvert
CLM00133,POL00016,2025-06-09,Sinistre corporel,4376.38,Clos
CLM00134,POL00101,30/10/2024,Dégât des eaux,5004.41,Ouvert
CLM00135,POL00198,2026-04-12,Sinistre corporel,2035.99,Clos
CLM00136,POL00138,2025-01-03,Dégât des eaux,5653.29,Ouvert
CLM00137,POL00207,2024-09-15,Bris de glace,869.89,Clos
CLM00138,POL00183,23/05/2024,Dégât des eaux,9315.26,Clos
CLM00139,POL00045,05/03/2023,Dégât des eaux,10073.77,Ouvert
CLM00140,POL00206,2023-10-14,Sinistre matériel,1250.79,Ouvert
CLM00141,POL00211,31/03/2025,Sinistre matériel,10544.48,Ouvert
CLM00142,POL09066,2024-02-09,Dégât des eaux,14595.98,Clos
CLM00143,POL00119,2023-04-14,Bris de glace,7881.84,Clos
CLM00144,POL09699,2025-05-23,Vol,3982.68,Clos
CLM00145,POL00039,2023-03-12,Bris de glace,11163.04,Clos
CLM00146,POL00141,2025-09-08,Sinistre matériel,5144.0,Ouvert
CLM00147,POL00205,2025-12-12,Bris de glace,14338.01,En cours d'expertise
CLM00148,POL00140,19/09/2025,Bris de glace,9117.72,Ouvert
CLM00149,POL09611,2024-03-24,Vol,1195.85,En cours d'expertise
CLM00150,POL00150,2024-04-21,Sinistre matériel,4574.25,En cours d'expertise
CLM00151,POL00189,2023-04-25,Bris de glace,15260.12,Clos
CLM00152,POL00217,2023-12-22,Sinistre corporel,10726.47,En cours d'expertise
CLM00153,POL00152,2023-02-27,Vol,17063.92,En cours d'expertise
CLM00154,POL00215,2025-10-05,Vol,3283.69,Ouvert
CLM00155,POL00057,2023-02-10,Dégât des eaux,162.2,Ouvert
CLM00156,POL00088,30/12/2023,Sinistre matériel,541.15,Ouvert
CLM00157,POL00217,13/12/2025,Sinistre matériel,6818.6,Clos
CLM00158,POL00087,10/09/2024,Sinistre corporel,17569.11,Clos
CLM00159,POL00125,2024-10-11,Bris de glace,12530.05,Clos
CLM00160,POL00151,26/12/2023,Vol,13251.81,Ouvert
CLM00161,POL00180,19/03/2026,Bris de glace,728.03,En cours d'expertise
CLM00162,POL00145,02/08/2023,Sinistre corporel,6061.36,Clos
CLM00163,POL00043,2026-07-26,Vol,8122.34,Ouvert
CLM00164,POL00090,2024-06-09,Sinistre matériel,1009.43,Clos
CLM00165,POL00106,06/10/2025,Vol,9896.53,Clos
CLM00166,POL00148,2024-04-06,Dégât des eaux,1465.71,Clos
CLM00167,POL09267,2023-08-03,Vol,3186.38,En cours d'expertise
CLM00168,POL00024,2024-11-23,Bris de glace,16094.09,Clos
CLM00169,POL00043,28/05/2026,Sinistre corporel,1105.97,Ouvert
CLM00170,POL00142,11/01/2026,Vol,5458.6,Clos
CLM00171,POL00216,2025-10-02,Sinistre matériel,6590.8,Clos
CLM00172,POL00161,14/05/2026,Sinistre corporel,,En cours d'expertise
CLM00173,POL00021,2025-08-27,Vol,14160.05,En cours d'expertise
CLM00174,POL00165,19/01/2026,Sinistre corporel,6772.72,Ouvert
CLM00175,POL00068,19/06/2025,Vol,4188.42,Ouvert
CLM00176,POL00179,2023-07-18,Vol,14576.02,En cours d'expertise
CLM00177,POL00016,2025-03-03,Dégât des eaux,17386.45,Clos
CLM00178,POL00061,02/09/2025,Sinistre matériel,7197.26,Ouvert
CLM00179,POL00133,2026-03-16,Bris de glace,2781.94,Clos
CLM00180,POL00043,2024-03-09,Sinistre corporel,911.76,En cours d'expertise
CLM00181,POL00211,2026-07-08,Bris de glace,4753.27,Ouvert
CLM00182,POL00143,2025-03-24,Vol,15440.74,Ouvert
CLM00183,POL00160,2026-04-18,Dégât des eaux,2158.46,En cours d'expertise
CLM00184,POL00195,2023-07-25,Bris de glace,14064.87,En cours d'expertise
CLM00185,POL00106,24/06/2024,Dégât des eaux,10360.61,Ouvert
CLM00186,POL00037,2026-06-20,Dégât des eaux,842.27,Clos
CLM00187,POL00013,31/08/2025,Vol,511.16,Clos
CLM00188,POL00216,2025-10-03,Sinistre matériel,17509.07,Clos
CLM00189,POL00114,19/10/2024,Dégât des eaux,10948.88,Clos
CLM00190,POL00211,2025-04-13,Dégât des eaux,13706.96,Ouvert
CLM00191,POL00041,15/05/2023,Bris de glace,7350.42,En cours d'expertise
CLM00192,POL00008,2023-12-22,Sinistre corporel,15090.03,Clos
CLM00193,POL00093,12/02/2024,Vol,14849.59,En cours d'expertise
CLM00194,POL00175,2023-03-04,Vol,8874.84,Clos
CLM00195,POL00090,2024-12-06,Vol,13518.96,Clos
CLM00196,POL09050,2023-11-30,Sinistre corporel,15449.43,En cours d'expertise
CLM00197,POL00167,2025-04-18,Sinistre matériel,15583.64,En cours d'expertise
CLM00198,POL09933,2023-09-28,Sinistre corporel,97667.33,Clos
CLM00199,POL00182,17/07/2024,Dégât des eaux,15350.81,Ouvert
CLM00200,POL00174,2025-12-02,Dégât des eaux,149960.06,Clos
CLM00201,POL00153,01/06/2026,Vol,12366.77,Clos
CLM00202,POL00164,27/10/2024,Vol,11861.73,En cours d'expertise
CLM00203,POL00039,2025-11-25,Sinistre matériel,14526.92,En cours d'expertise
CLM00204,POL00082,2023-10-14,Sinistre matériel,11848.9,Clos
CLM00205,POL00104,2025-03-06,Sinistre matériel,10556.97,Ouvert
CLM00206,POL00183,2024-03-31,Bris de glace,11543.9,En cours d'expertise
CLM00207,POL00077,2023-12-15,Bris de glace,3383.28,Ouvert
CLM00208,POL00186,2026-02-18,Vol,11831.66,Ouvert
CLM00209,POL00079,11/05/2025,Vol,4800.98,Ouvert
CLM00210,POL00163,2026-04-10,Bris de glace,1421.2,En cours d'expertise
CLM00211,POL00175,2025-02-20,Vol,7523.96,Ouvert
CLM00212,POL00052,02/12/2024,Bris de glace,16087.29,Ouvert
CLM00213,POL00184,2024-01-05,Dégât des eaux,6087.44,Clos
CLM00214,POL00002,14/07/2025,Sinistre corporel,13737.3,Ouvert
CLM00215,POL00196,2023-06-30,Bris de glace,7891.75,Clos
CLM00216,POL00099,2023-01-10,Bris de glace,3709.54,Ouvert
CLM00217,POL00194,2025-12-23,Sinistre matériel,12229.95,Ouvert
CLM00218,POL00089,2024-10-01,Sinistre matériel,6996.38,Ouvert
CLM00219,POL00012,02/09/2024,Dégât des eaux,13141.8,Clos
CLM00220,POL00176,02/10/2023,Dégât des eaux,6562.63,Clos
CLM00221,POL09229,2023-09-26,Sinistre matériel,10676.02,Clos
CLM00222,POL00203,18/03/2023,Vol,13916.81,En cours d'expertise
CLM00223,POL00170,2023-08-10,Sinistre matériel,1011.0,Clos
CLM00224,POL00141,01/06/2024,Sinistre corporel,3818.08,Ouvert
CLM00225,POL00170,2023-07-26,Bris de glace,4969.09,Ouvert
CLM00226,POL00027,2025-11-13,Bris de glace,2251.56,Ouvert
CLM00227,POL00156,14/02/2024,Bris de glace,17520.19,Clos
CLM00228,POL00011,27/01/2026,Sinistre corporel,12434.44,Ouvert
CLM00229,POL09687,2023-07-02,Bris de glace,12092.04,Ouvert
CLM00230,POL00020,27/07/2023,Sinistre corporel,8303.01,Clos
CLM00231,POL00026,2023-12-24,Vol,6579.83,Clos
CLM00232,POL00025,2023-04-04,Sinistre corporel,11990.89,Clos
CLM00233,POL00160,2024-07-03,Sinistre matériel,6801.31,Ouvert
CLM00234,POL00117,10/07/2024,Dégât des eaux,14428.2,Ouvert
CLM00235,POL00179,2023-05-01,Sinistre matériel,7576.09,En cours d'expertise
CLM00236,POL00047,05/06/2026,Vol,,En cours d'expertise
CLM00237,POL00034,16/09/2025,Sinistre matériel,,Ouvert
CLM00238,POL00081,2023-01-26,Bris de glace,13850.39,En cours d'expertise
CLM00239,POL00172,2024-11-23,Bris de glace,12435.11,Clos
CLM00240,POL00064,13/09/2025,Dégât des eaux,2803.48,En cours d'expertise
CLM00241,POL00165,2023-11-18,Dégât des eaux,15355.9,Ouvert
CLM00242,POL00083,08/05/2024,Vol,1048.76,En cours d'expertise
CLM00243,POL00210,2024-04-26,Dégât des eaux,8078.77,Ouvert
CLM00244,POL00115,2024-10-09,Dégât des eaux,13452.52,Clos
CLM00245,POL00143,2026-01-29,Sinistre matériel,14283.33,En cours d'expertise
CLM00246,POL00131,2026-02-25,Dégât des eaux,17113.84,Ouvert
CLM00247,POL00217,19/07/2025,Bris de glace,13848.38,En cours d'expertise
CLM00248,POL00184,2025-07-15,Sinistre matériel,13703.86,Clos
CLM00249,POL00163,2024-08-20,Bris de glace,6823.94,Ouvert
CLM00250,POL00211,2025-04-18,Vol,11053.7,Clos
CLM00251,POL00212,2024-01-26,Vol,2073.62,En cours d'expertise
CLM00252,POL00151,10/09/2023,Dégât des eaux,11903.45,Ouvert
CLM00253,POL00002,2025-12-22,Sinistre matériel,10025.09,En cours d'expertise
CLM00254,POL00131,2023-12-29,Bris de glace,3249.66,Ouvert
CLM00255,POL00154,26/05/2026,Bris de glace,15882.82,En cours d'expertise
CLM00256,POL00196,23/05/2024,Dégât des eaux,17350.14,Clos
CLM00257,POL00036,2025-04-25,Bris de glace,5485.6,Clos
CLM00258,POL00142,2026-07-19,Sinistre corporel,3893.37,En cours d'expertise
CLM00259,POL00173,2023-09-29,Sinistre corporel,9144.5,Clos
CLM00260,POL00195,2024-12-22,Dégât des eaux,10553.09,En cours d'expertise
CLM00261,POL00192,29/12/2025,Dégât des eaux,14578.24,Ouvert
CLM00262,POL00014,2023-04-26,Vol,13540.8,Clos
CLM00263,POL00038,2023-05-08,Vol,3791.42,Clos
CLM00264,POL00027,2026-06-15,Bris de glace,15587.42,En cours d'expertise
CLM00265,POL00131,2024-08-12,Sinistre matériel,16687.75,En cours d'expertise
CLM00266,POL00142,2023-04-21,Vol,3775.11,Clos
CLM00267,POL00163,2025-01-23,Bris de glace,13331.33,En cours d'expertise
CLM00268,POL00076,2025-07-08,Sinistre matériel,3487.53,En cours d'expertise
CLM00269,POL00011,27/05/2025,Bris de glace,4866.68,Clos
CLM00270,POL09477,2023-11-14,Sinistre corporel,16726.01,En cours d'expertise
CLM00271,POL00170,08/09/2024,Bris de glace,9970.36,En cours d'expertise
CLM00272,POL00057,2024-01-12,Sinistre matériel,14184.71,En cours d'expertise
CLM00273,POL00024,2024-12-16,Sinistre corporel,11990.52,Clos
CLM00274,POL00193,2026-06-20,Dégât des eaux,17939.86,En cours d'expertise
CLM00275,POL09684,09/12/2024,Sinistre corporel,,En cours d'expertise
CLM00276,POL00011,19/10/2024,Sinistre matériel,7037.89,Clos
CLM00277,POL09529,2025-02-06,Bris de glace,8103.19,En cours d'expertise
CLM00278,POL00132,2023-06-18,Sinistre corporel,17493.57,En cours d'expertise
CLM00279,POL09067,2024-03-07,Sinistre corporel,15589.37,Ouvert
CLM00280,POL00213,2025-06-10,Sinistre matériel,13482.0,Clos
CLM00281,POL00010,2023-06-29,Sinistre matériel,3327.16,Ouvert
CLM00282,POL00059,13/06/2024,Dégât des eaux,8202.59,Clos
CLM00283,POL09689,2023-08-31,Sinistre matériel,11599.4,En cours d'expertise
CLM00284,POL00180,29/05/2023,Bris de glace,2044.52,Clos
CLM00285,POL00073,15/06/2025,Dégât des eaux,14824.88,Ouvert
CLM00286,POL00035,2025-03-11,Vol,17288.4,En cours d'expertise
CLM00287,POL00204,2025-02-03,Bris de glace,15764.59,Ouvert
CLM00288,POL09610,2025-03-18,Bris de glace,17053.58,En cours d'expertise
CLM00289,POL00186,2024-12-05,Dégât des eaux,16315.46,Ouvert
CLM00290,POL00057,17/06/2026,Sinistre corporel,2196.01,En cours d'expertise
CLM00291,POL00218,29/01/2026,Bris de glace,1455.63,Clos
CLM00292,POL00186,04/04/2026,Vol,6524.92,Ouvert
CLM00293,POL00159,2023-05-23,Vol,8822.62,En cours d'expertise
CLM00294,POL00150,2023-11-09,Bris de glace,6656.21,Clos
CLM00295,POL00081,2024-05-19,Dégât des eaux,5088.74,En cours d'expertise
CLM00296,POL00123,05/08/2025,Vol,13979.59,Ouvert
CLM00297,POL00156,17/06/2023,Sinistre corporel,16059.65,En cours d'expertise
CLM00298,POL00020,2023-06-04,Bris de glace,11424.53,En cours d'expertise
CLM00299,POL00152,2024-03-11,Bris de glace,4802.0,En cours d'expertise
CLM00300,POL00199,01/11/2023,Dégât des eaux,4136.02,En cours d'expertise
CLM00301,POL00035,2025-08-09,Bris de glace,1766.39,Ouvert
CLM00302,POL00218,2026-06-11,Sinistre corporel,13666.13,Ouvert
CLM00303,POL00145,2023-10-27,Dégât des eaux,16914.28,Clos
CLM00304,POL00068,2025-01-26,Sinistre matériel,12084.25,Clos
CLM00305,POL00117,2023-04-06,Vol,1992.57,En cours d'expertise
CLM00306,POL00214,2024-06-23,Bris de glace,10327.36,Clos
CLM00307,POL00168,2023-06-09,Vol,6867.47,En cours d'expertise
CLM00308,POL00210,07/12/2024,Dégât des eaux,141742.4,Clos
CLM00309,POL00020,2025-11-19,Vol,3925.58,Clos
CLM00310,POL00210,2023-08-31,Sinistre corporel,7550.85,Ouvert
CLM00311,POL00123,2025-09-08,Bris de glace,3028.25,Ouvert
CLM00312,POL00033,2026-03-20,Sinistre corporel,2554.82,En cours d'expertise
CLM00313,POL00043,2024-06-12,Bris de glace,17254.55,En cours d'expertise
CLM00314,POL00185,2024-08-03,Sinistre corporel,8168.28,Clos
CLM00315,POL00213,2025-04-21,Sinistre corporel,14333.9,Ouvert
CLM00316,POL00131,2024-06-25,Vol,16613.98,Ouvert
CLM00317,POL00099,2023-09-28,Sinistre matériel,3761.92,En cours d'expertise
CLM00318,POL00212,2023-11-03,Sinistre matériel,3316.99,En cours d'expertise
CLM00319,POL00201,2025-12-24,Sinistre matériel,1813.44,En cours d'expertise
CLM00320,POL00001,2025-06-02,Dégât des eaux,6761.24,En cours d'expertise
CLM00321,POL00206,14/09/2025,Vol,10664.51,En cours d'expertise
CLM00322,POL00109,02/10/2023,Dégât des eaux,,Ouvert
CLM00323,POL00140,16/04/2025,Sinistre corporel,247.63,Ouvert
CLM00324,POL00031,2025-11-30,Dégât des eaux,11833.65,Clos
CLM00325,POL00028,13/11/2023,Bris de glace,4677.34,Clos
CLM00326,POL00157,2024-07-18,Dégât des eaux,13626.25,En cours d'expertise
CLM00327,POL00095,2026-02-19,Dégât des eaux,4679.93,Clos
CLM00328,POL00102,2023-10-10,Sinistre matériel,13498.48,En cours d'expertise
CLM00329,POL00026,2024-03-15,Dégât des eaux,14181.55,En cours d'expertise
CLM00330,POL00181,2023-04-17,Dégât des eaux,86376.2,Ouvert
CLM00331,POL00154,2025-06-10,Sinistre matériel,4846.19,En cours d'expertise
CLM00332,POL00099,2025-03-31,Bris de glace,5263.48,Ouvert
CLM00333,POL00210,2023-12-25,Dégât des eaux,7985.65,En cours d'expertise
CLM00334,POL00133,2024-08-08,Sinistre matériel,14143.68,En cours d'expertise
CLM00335,POL00044,15/03/2023,Sinistre corporel,11842.09,Ouvert
CLM00336,POL00200,29/03/2025,Dégât des eaux,7387.3,Ouvert
CLM00337,POL00018,2023-07-04,Vol,13111.58,En cours d'expertise
CLM00338,POL00209,2024-07-20,Bris de glace,17340.57,Clos
CLM00339,POL00067,25/12/2023,Bris de glace,2050.4,Clos
CLM00340,POL00030,17/11/2025,Bris de glace,14664.68,En cours d'expertise
CLM00341,POL00097,27/02/2026,Sinistre corporel,13670.9,Clos
CLM00342,POL00151,26/02/2023,Sinistre matériel,4752.08,Ouvert
CLM00343,POL00059,08/10/2024,Vol,138252.39,Ouvert
CLM00344,POL00103,2024-12-01,Bris de glace,16775.42,Clos
CLM00345,POL00147,2024-07-05,Sinistre corporel,9057.14,En cours d'expertise
CLM00346,POL00068,2024-02-28,Sinistre corporel,15053.69,Clos
CLM00347,POL00028,2023-09-03,Dégât des eaux,11106.81,En cours d'expertise
CLM00348,POL00218,14/09/2025,Bris de glace,5780.19,En cours d'expertise
CLM00349,POL00126,2024-01-10,Vol,7252.15,Ouvert
CLM00350,POL00205,16/05/2025,Bris de glace,731.24,En cours d'expertise
CLM00351,POL00118,2023-09-04,Bris de glace,8362.26,Ouvert
CLM00352,POL00098,2026-04-04,Vol,6604.6,Ouvert
CLM00353,POL00061,05/07/2024,Bris de glace,6274.27,Clos
CLM00354,POL00180,01/02/2025,Dégât des eaux,5141.39,Ouvert
CLM00355,POL00176,2024-04-13,Vol,14502.96,Clos
CLM00356,POL00205,03/11/2023,Sinistre matériel,3302.44,En cours d'expertise
CLM00357,POL00185,08/10/2024,Vol,4629.89,Ouvert
CLM00358,POL00177,2023-12-01,Sinistre corporel,14676.65,En cours d'expertise
CLM00359,POL00191,16/11/2024,Vol,6581.47,Clos
CLM00360,POL00106,06/09/2023,Bris de glace,3701.4,En cours d'expertise
CLM00361,POL00200,05/08/2024,Vol,12166.49,En cours d'expertise
CLM00362,POL00021,2025-02-19,Vol,8427.97,Ouvert
CLM00363,POL00087,2025-05-13,Bris de glace,10353.73,Ouvert
CLM00364,POL00088,12/04/2024,Vol,11806.28,En cours d'expertise
CLM00365,POL00070,30/06/2025,Bris de glace,9448.7,Ouvert
CLM00366,POL00006,2023-09-14,Sinistre corporel,11967.1,En cours d'expertise
CLM00367,POL00054,08/12/2023,Sinistre matériel,1855.63,Clos
CLM00368,POL00007,2025-03-24,Sinistre matériel,2005.12,Ouvert
CLM00369,POL00100,2024-09-25,Sinistre corporel,13316.04,Ouvert
CLM00370,POL00215,2023-12-16,Sinistre matériel,11994.35,Clos
CLM00371,POL00120,12/01/2026,Bris de glace,8090.48,En cours d'expertise
CLM00372,POL00152,08/05/2026,Bris de glace,7914.35,En cours d'expertise
CLM00373,POL00089,2025-09-13,Sinistre corporel,14514.03,Clos
CLM00374,POL00040,2024-09-13,Sinistre matériel,9491.19,Ouvert
CLM00375,POL00121,2025-12-31,Dégât des eaux,17053.19,Ouvert
CLM00376,POL00205,2024-08-22,Sinistre corporel,14372.3,Ouvert
CLM00377,POL00144,14/06/2025,Sinistre corporel,3064.36,Clos
CLM00378,POL00057,2024-06-22,Dégât des eaux,11312.02,En cours d'expertise
CLM00379,POL00176,10/07/2024,Bris de glace,14587.23,Ouvert
CLM00380,POL00075,2023-08-15,Dégât des eaux,11176.47,En cours d'expertise
CLM00381,POL00083,2023-02-09,Sinistre matériel,17459.43,Ouvert
CLM00382,POL00033,2025-06-16,Sinistre matériel,4305.67,Clos
CLM00383,POL00108,30/09/2024,Vol,8426.77,Clos
CLM00384,POL00193,2023-10-27,Vol,13995.4,Clos
CLM00385,POL00216,27/05/2024,Sinistre matériel,2327.01,Ouvert
CLM00386,POL00114,2024-05-21,Sinistre matériel,3705.36,Ouvert
CLM00387,POL00054,26/08/2025,Vol,16861.44,En cours d'expertise
CLM00388,POL00141,2025-12-02,Vol,8739.95,Clos
CLM00389,POL00171,2024-03-22,Sinistre corporel,11447.43,Ouvert
CLM00390,POL00150,03/09/2023,Sinistre corporel,309.4,En cours d'expertise
CLM00391,POL00153,14/11/2023,Sinistre matériel,4589.69,En cours d'expertise
CLM00392,POL00195,2026-07-04,Sinistre matériel,6495.99,En cours d'expertise
CLM00393,POL00033,2025-09-26,Vol,17672.91,Clos
CLM00394,POL00113,2024-01-31,Dégât des eaux,6543.29,Ouvert
CLM00395,POL00113,18/02/2026,Bris de glace,12592.12,Ouvert
CLM00396,POL00083,17/08/2025,Bris de glace,16473.36,Ouvert
CLM00397,POL00116,28/08/2024,Bris de glace,124661.82,Clos
CLM00398,POL00005,23/06/2026,Bris de glace,4412.34,En cours d'expertise
CLM00399,POL00210,2025-03-04,Bris de glace,12345.55,Ouvert
CLM00400,POL00083,2025-04-19,Vol,2121.78,Ouvert
CLM00401,POL00034,2024-01-01,Sinistre corporel,2060.93,Ouvert
CLM00402,POL00215,2025-03-06,Dégât des eaux,,Clos
CLM00403,POL00057,2026-05-25,Sinistre matériel,383.59,En cours d'expertise
CLM00404,POL00214,13/06/2023,Sinistre matériel,6592.53,Clos
CLM00405,POL00204,2023-04-30,Vol,9593.02,Clos
CLM00406,POL00056,2025-11-29,Sinistre matériel,13094.32,Ouvert
CLM00407,POL00169,2024-05-24,Sinistre corporel,10117.86,En cours d'expertise
CLM00408,POL00164,26/03/2026,Dégât des eaux,12690.52,Ouvert
CLM00409,POL00047,31/01/2026,Bris de glace,6174.6,En cours d'expertise
CLM00410,POL00091,2024-10-07,Vol,15230.64,En cours d'expertise
CLM00411,POL00186,2024-10-24,Sinistre corporel,10202.13,En cours d'expertise
CLM00412,POL00066,07/01/2025,Dégât des eaux,82426.4,Clos
CLM00413,POL00133,04/10/2023,Sinistre matériel,5510.96,Clos
CLM00414,POL09841,2024-07-19,Bris de glace,10080.37,Ouvert
CLM00415,POL00118,2024-12-29,Sinistre corporel,4880.04,Ouvert
CLM00416,POL00208,2024-09-07,Bris de glace,7286.4,En cours d'expertise
CLM00417,POL00084,2025-09-15,Dégât des eaux,,En cours d'expertise
CLM00418,POL00025,2026-05-04,Vol,817.08,Clos
CLM00419,POL00015,15/11/2024,Dégât des eaux,7584.91,Ouvert
CLM00420,POL00218,2026-05-18,Dégât des eaux,1116.18,Clos
CLM00421,POL00039,2024-10-31,Sinistre corporel,2884.58,Clos
CLM00422,POL00193,2026-05-03,Bris de glace,1757.98,Clos
CLM00423,POL00087,19/06/2023,Bris de glace,13453.87,Clos
CLM00424,POL00129,2025-06-08,Sinistre corporel,13752.29,Ouvert
CLM00425,POL00167,2026-03-16,Bris de glace,11145.54,Ouvert
CLM00426,POL00069,30/05/2025,Bris de glace,1749.26,Clos
CLM00427,POL00049,18/10/2024,Bris de glace,11849.07,Ouvert
CLM00428,POL00158,2025-06-24,Sinistre corporel,8012.27,Ouvert
CLM00429,POL00096,2023-11-16,Sinistre matériel,2155.84,En cours d'expertise
CLM00430,POL00214,2024-08-12,Vol,12534.24,Clos
CLM00431,POL00085,2024-03-04,Bris de glace,3931.97,Clos
CLM00432,POL00160,2023-10-17,Sinistre matériel,6872.43,En cours d'expertise
CLM00433,POL00044,04/05/2023,Sinistre corporel,14237.01,Ouvert
CLM00434,POL00003,17/05/2023,Vol,11984.22,Clos
CLM00435,POL00005,2024-08-22,Dégât des eaux,4276.36,En cours d'expertise
CLM00436,POL00081,2025-09-19,Bris de glace,1721.17,Clos
CLM00437,POL00183,2023-02-14,Sinistre corporel,16612.52,Clos
CLM00438,POL00041,07/02/2023,Vol,6493.5,En cours d'expertise
CLM00439,POL00016,05/07/2026,Dégât des eaux,16043.68,Ouvert
CLM00440,POL00072,2024-04-06,Vol,16164.58,Ouvert
CLM00441,POL00134,2026-06-08,Sinistre corporel,7599.4,Clos
CLM00442,POL00155,05/11/2024,Bris de glace,2502.13,En cours d'expertise
CLM00443,POL00205,2024-02-19,Vol,,Ouvert
CLM00444,POL00198,2023-10-25,Bris de glace,16520.45,En cours d'expertise
CLM00445,POL00185,2023-08-31,Vol,15135.48,Ouvert
CLM00446,POL00106,22/04/2025,Dégât des eaux,13459.13,En cours d'expertise
CLM00447,POL00071,2023-11-08,Sinistre matériel,2498.09,En cours d'expertise
CLM00448,POL00156,2026-03-07,Sinistre corporel,10795.04,Ouvert
CLM00449,POL00177,2025-09-03,Bris de glace,15253.57,En cours d'expertise
CLM00450,POL00219,04/03/2025,Dégât des eaux,2604.6,Ouvert
CLM00451,POL00004,06/07/2024,Sinistre corporel,13401.24,Ouvert
CLM00452,POL00113,17/06/2026,Vol,15621.93,Clos
CLM00453,POL00011,2026-05-30,Dégât des eaux,13005.59,En cours d'expertise
CLM00454,POL00138,2025-12-11,Sinistre matériel,9443.59,Ouvert
CLM00455,POL00063,2025-11-28,Dégât des eaux,17711.38,Clos
CLM00456,POL00162,2023-04-11,Vol,7996.04,Clos
CLM00457,POL00109,2024-08-25,Sinistre matériel,,Clos
CLM00458,POL00116,2023-07-05,Bris de glace,2170.11,En cours d'expertise
CLM00459,POL00101,26/04/2025,Dégât des eaux,,En cours d'expertise
CLM00460,POL00117,04/07/2023,Vol,12497.16,Ouvert
CLM00461,POL00032,2023-07-06,Dégât des eaux,11468.19,En cours d'expertise
CLM00462,POL00203,2025-11-13,Sinistre corporel,6909.41,Ouvert
CLM00463,POL00145,2023-11-04,Sinistre corporel,3342.77,Clos
CLM00464,POL00187,02/07/2025,Sinistre corporel,2248.34,Ouvert
CLM00465,POL09783,2024-06-02,Dégât des eaux,9032.65,Ouvert
CLM00466,POL00127,2024-05-02,Bris de glace,11921.55,Clos
CLM00467,POL00154,2023-01-14,Bris de glace,5114.32,Ouvert
CLM00468,POL00038,2023-04-23,Vol,805.47,En cours d'expertise
CLM00469,POL00155,03/09/2024,Sinistre matériel,1025.21,Ouvert
CLM00470,POL00073,2026-06-05,Bris de glace,10365.24,Clos
CLM00471,POL00093,2023-03-15,Vol,5912.37,Ouvert
CLM00472,POL00216,2026-02-01,Vol,8554.08,Clos
CLM00473,POL00106,2025-12-10,Sinistre corporel,11075.16,En cours d'expertise
CLM00474,POL00136,29/06/2023,Bris de glace,16819.97,Clos
CLM00475,POL00218,10/10/2024,Bris de glace,10416.3,Ouvert
CLM00476,POL00128,2025-11-30,Dégât des eaux,8941.2,En cours d'expertise
CLM00477,POL00075,2024-02-01,Sinistre matériel,578.16,Ouvert
CLM00478,POL00054,14/06/2026,Dégât des eaux,962.04,En cours d'expertise
CLM00479,POL00164,2024-02-17,Vol,4691.35,Clos
CLM00480,POL00083,2023-01-13,Vol,6243.3,En cours d'expertise
CLM00015,POL00152,2023-12-25,Dégât des eaux,11409.65,Clos
CLM00100,POL00024,2023-07-14,Sinistre corporel,8073.84,Ouvert
CLM00174,POL00165,19/01/2026,Sinistre corporel,7916.71,Ouvert
CLM00246,POL00131,2026-02-25,Dégât des eaux,19962.7,Ouvert
CLM00409,POL00047,31/01/2026,Bris de glace,5027.5,En cours d'expertise
CLM00070,POL00190,2024-05-14,Sinistre corporel,9927.57,Clos
